image,plate_id,plate
1.png,0,00HH000
2.png,0,00XX000
3.png,0,99AA696
3.png,1,10KJ666
3.png,2,10XP111
3.png,3,10AZ361
3.png,4,90VD100
3.png,5,99KK919
3.png,6,10OV111
3.png,7,10BC004
3.png,8,10ZL101
3.png,9,99HA222
3.png,10,10AH644
3.png,11,10MA757
3.png,12,90UC009
3.png,13,10DX003
3.png,14,10SH777
3.png,15,10HJ009
3.png,16,90NS009
4.png,0,10OO000
5.png,0,10MZ103
5.png,1,08BB008
5.png,2,10GM803
5.png,3,11BD210
5.png,4,10OU570
5.png,5,10EZ085
5.png,6,90OD042
5.png,7,90XB100
5.png,8,10HU017
6.png,0,000HH000
7.png,0,10ML002
7.png,1,10SB300
7.png,2,90SL900
7.png,3,90UX900
7.png,4,99OM005
8.png,0,000HH000
9.png,0,10NZ303
9.png,1,10SF030
9.png,2,10KR009
9.png,3,90NN099
9.png,4,15BD005
9.png,5,10OT777
9.png,6,90LX700
9.png,7,10CH039
10.png,0,90ML052
11.png,0,110FY842
12.png,0,99MR013
13.png,0,10LT012
14.png,0,10GS106
14.png,1,10NK109
14.png,2,10NK038
14.png,3,90DL490
15.png,0,00HH000
16.png,0,10NP100
17.png,0,10LN707
18.png,0,30BB003
19.png,0,00XX000
20.png,0,99FF123
21.png,0,10OO000
22.png,0,90UU009
23.png,0,10OO015
23.png,1,10OO015
24.png,0,33SS333
25.png,0,10OO015
26.png,0,33SS333
27.png,0,01CK889
28.png,0,10CF350
29.png,0,77CE902
30.png,0,90NT072
31.png,0,10YX036
32.png,0,99SS999
33.png,0,10YX036
34.png,0,90GB190
35.png,0,99SS814
36.png,0,10LD210
37.png,0,88BC999
38.png,0,50BO052
39.png,0,88BB010
40.png,0,10OO015
40.png,1,10OO015
41.png,0,10KR009
42.png,0,11LX111
43.png,0,57BC001
44.png,0,90NT072
45.png,0,5360AГН
46.png,0,88BС248
47.png,0,90LX700
48.png,0,11ZZ111
49.png,0,11ZZ111
50.png,0,99DT999
51.png,0,99DD730
52.png,0,52BE500
53.png,0,66BD606
54.png,0,10VP010
55.png,0,10CH039
56.png,0,99OF801
57.png,0,10AS006
58.png,0,99AA046
59.png,0,10MM666
60.png,0,10CR023
61.png,0,10OC067
62.png,0,90DD908
63.png,0,90HH771
64.png,0,10NN064
65.png,0,10TK080
66.png,0,77AA001
67.png,0,77RR123
68.png,0,90TZ012
69.png,0,10UH041
70.png,0,01CB010
71.png,0,99DD039
72.png,0,15BD005
73.png,0,10YM097
74.png,0,99VV032
75.png,0,10YX590
76.png,0,77NJ049
77.png,0,90ZA222
78.png,0,90FX090
79.png,0,99RB900
80.png,0,77TH054
81.png,0,10OT777
82.png,0,77TH054
83.png,0,01BY015
84.png,0,99DT999
85.png,0,37EK737
86.png,0,10NO303
87.png,0,88CJ046
88.png,0,10GM555
89.png,0,99XN999
90.png,0,10BT456
91.png,0,99OO009
92.png,0,10TO011
93.png,0,10DO007
94.png,0,90UP009
95.png,0,90SU222
96.png,0,10AA090
97.png,0,90KT090
98.png,0,10OO000
99.png,0,20OO002
100.png,0,20OO002
101.png,0,88EK086
102.png,0,10BO089
103.png,0,10AS008
104.png,0,99LN009
105.png,0,77FM307
106.png,0,77BZ987
107.png,0,99RZ686
108.png,0,10BO089
109.png,0,77BZ987
110.png,0,62BM138
111.png,0,50DD045
112.png,0,90MN023
113.png,0,99NP395
114.png,0,12BH494
115.png,0,57BZ533
116.png,0,50DH837
117.png,0,10KR011
118.png,0,10CD110
119.png,0,99LP447
120.png,0,90HN808
121.png,0,90XZ183