epoch,time,train/box_loss,train/cls_loss,train/dfl_loss,metrics/precision(B),metrics/recall(B),metrics/mAP50(B),metrics/mAP50-95(B),val/box_loss,val/cls_loss,val/dfl_loss,lr/pg0,lr/pg1,lr/pg2
1,5.34375,1.61124,3.76645,1.52675,0.002,0.6,0.03314,0.01352,1.53442,4.42242,1.5521,0.000555556,0.000555556,0.000555556
2,7.07276,1.71823,3.67963,1.43946,0.00333,1,0.15008,0.03012,1.97347,4.38473,1.43655,0.0012071,0.0012071,0.0012071
3,8.56384,1.80226,3.91195,1.50486,0.00333,1,0.12707,0.07758,1.62886,4.45261,1.8759,0.00184214,0.00184214,0.00184214
4,10.1002,2.04188,3.09794,1.6044,0.00267,0.8,0.06472,0.0151,1.7305,4.65575,1.98617,0.00192575,0.00192575,0.00192575
5,11.6049,1.38665,2.69407,1.30333,0.60639,0.3,0.36289,0.13472,1.67958,4.22335,2.04163,0.001901,0.001901,0.001901
6,13.1481,1.42759,2.49924,1.45336,0.01201,0.35,0.01948,0.00548,1.77569,4.39083,2.29446,0.00187625,0.00187625,0.00187625
7,14.6405,1.36687,2.00342,1.2613,0.00283,0.35,0.0024,0.00065,2.23867,13.7257,3.23271,0.0018515,0.0018515,0.0018515
8,16.4776,1.18144,1.83935,1.23614,0.00315,0.85,0.00286,0.00086,2.28132,75.1492,5.12926,0.00182675,0.00182675,0.00182675
9,18.7514,1.16116,1.80558,1.21198,0.00217,0.65,0.00164,0.00048,2.20573,86.7584,3.67528,0.001802,0.001802,0.001802
10,20.3441,1.15324,1.5862,1.13651,0.00718,0.5,0.00658,0.00235,1.95288,12.3876,1.98799,0.00177725,0.00177725,0.00177725
11,21.8753,1.19847,1.56687,1.17761,0.05504,0.2,0.03595,0.0182,1.70623,5.9377,1.78081,0.0017525,0.0017525,0.0017525
12,23.3478,1.15504,1.43329,1.15208,0.21075,0.3,0.19144,0.08739,1.6279,7.15214,2.17838,0.00172775,0.00172775,0.00172775
13,24.8104,1.08393,1.82214,1.06666,0.06519,0.25,0.03645,0.01987,1.73833,12.2077,2.41882,0.001703,0.001703,0.001703
14,26.3597,1.21237,1.52094,1.25497,0.04702,0.25,0.02925,0.0146,1.84155,18.1791,2.63425,0.00167825,0.00167825,0.00167825
15,27.8564,1.10047,1.46612,1.11054,0.19889,0.35,0.10669,0.05099,1.81862,10.0484,2.47625,0.0016535,0.0016535,0.0016535
16,29.5082,1.13712,1.49199,1.05831,0.31313,0.25,0.25072,0.15501,1.67841,5.49203,1.87966,0.00162875,0.00162875,0.00162875
17,32.3962,1.06896,1.26753,1.05866,0.24629,0.55563,0.35984,0.2057,1.46599,3.95138,1.52812,0.001604,0.001604,0.001604
18,33.8993,0.98648,1.28999,1.06505,0.77262,0.85,0.83335,0.46905,1.42894,2.25895,1.55702,0.00157925,0.00157925,0.00157925
19,35.3836,1.00155,1.23331,1.06114,0.79101,0.85,0.88118,0.47555,1.48886,2.52915,1.49725,0.0015545,0.0015545,0.0015545
20,36.7999,1.09518,1.29955,1.08469,0.52372,0.85,0.65649,0.43413,1.20972,3.574,1.2774,0.00152975,0.00152975,0.00152975
21,38.2936,0.94993,1.01462,0.99062,0.59445,0.65,0.65848,0.39941,1.18222,3.64114,1.27306,0.001505,0.001505,0.001505
22,39.8001,1.09102,1.25196,1.10793,0.80215,0.85,0.87138,0.56445,1.20859,2.20391,1.26201,0.00148025,0.00148025,0.00148025
23,41.2452,0.91191,1.13455,1.03141,0.87662,0.95,0.9001,0.55624,1.27786,1.82583,1.28931,0.0014555,0.0014555,0.0014555
24,42.7937,1.02539,1.09698,1.03668,0.94372,0.95,0.93351,0.63828,1.15262,1.58436,1.19248,0.00143075,0.00143075,0.00143075
25,45.1356,0.96427,1.12615,1.03332,0.93341,0.95,0.92139,0.65885,1.0693,1.53731,1.13342,0.001406,0.001406,0.001406
26,46.7145,0.9376,1.01524,1.01664,0.84924,0.84522,0.85492,0.62412,1.05451,1.74501,1.15034,0.00138125,0.00138125,0.00138125
27,48.5303,0.9081,0.99579,1.04697,0.82042,0.8,0.87588,0.60381,1.15712,1.80473,1.21069,0.0013565,0.0013565,0.0013565
28,50.6314,0.96826,0.94478,0.99611,0.9893,0.95,0.96826,0.67349,1.09902,1.42072,1.09421,0.00133175,0.00133175,0.00133175
29,52.3373,0.85278,1.08009,1.00266,0.99463,0.95,0.98346,0.66597,1.11916,1.33701,1.10656,0.001307,0.001307,0.001307
30,53.8871,0.89168,1.07318,1.03954,0.91468,1,0.99024,0.62243,1.16034,1.36841,1.13865,0.00128225,0.00128225,0.00128225
31,55.3855,0.86856,1.05119,0.9914,0.99316,0.9,0.97821,0.6269,1.13625,1.38888,1.12479,0.0012575,0.0012575,0.0012575
32,57.7027,0.72624,1.98857,0.82471,0.952,0.99204,0.99024,0.652,1.11354,1.3499,1.0981,0.00123275,0.00123275,0.00123275
33,59.4337,0.83745,1.12805,1.03475,1,0.94304,0.99045,0.65109,1.09015,1.35026,1.08079,0.001208,0.001208,0.001208
34,60.8553,0.87543,1.03184,1.02877,1,0.98992,0.995,0.66503,1.1525,1.20153,1.12002,0.00118325,0.00118325,0.00118325
35,62.3612,0.81424,0.85402,0.97066,1,0.94369,0.99262,0.65937,1.20417,1.10477,1.10135,0.0011585,0.0011585,0.0011585
36,63.8293,0.92825,0.84562,0.96768,0.94029,0.95,0.97598,0.64177,1.2163,1.1585,1.09466,0.00113375,0.00113375,0.00113375
37,65.3081,0.84612,0.83515,0.96549,0.94283,0.95,0.97045,0.6823,1.12412,1.20975,1.06344,0.001109,0.001109,0.001109
38,66.8196,0.87816,1.12133,1.01886,1,0.98216,0.995,0.70504,0.99612,1.08206,0.98388,0.00108425,0.00108425,0.00108425
39,68.2788,0.94374,1.07916,1.04565,0.98248,1,0.995,0.71303,1.03364,1.04723,0.99634,0.0010595,0.0010595,0.0010595
40,70.5571,0.86138,0.77171,0.97518,0.94193,0.95,0.98795,0.65937,1.086,1.07633,1.03904,0.00103475,0.00103475,0.00103475
41,72.3742,0.93249,1.15078,1.11097,0.94923,0.93538,0.98,0.65323,1.08725,1.11414,1.0213,0.00101,0.00101,0.00101
42,73.8843,0.75343,0.78395,0.92489,0.97107,0.85,0.96248,0.63593,1.08573,1.20163,1.01079,0.00098525,0.00098525,0.00098525
43,75.3861,0.81868,0.82349,0.97903,0.88999,0.9,0.96384,0.63228,1.11754,1.16614,1.00219,0.0009605,0.0009605,0.0009605
44,76.8219,0.76498,0.86055,0.97796,0.93838,0.9,0.97234,0.6548,1.06644,1.05031,0.98525,0.00093575,0.00093575,0.00093575
45,78.3164,0.78357,0.76956,0.96522,0.90891,0.9979,0.98045,0.68589,1.02664,1.03005,0.9939,0.000911,0.000911,0.000911
46,79.8122,0.76709,0.73119,0.9583,0.93569,1,0.97833,0.66511,1.05921,1.02694,1.03133,0.00088625,0.00088625,0.00088625
47,81.2523,0.78266,0.76497,0.87278,0.94254,1,0.97595,0.67467,1.05926,0.97489,1.01617,0.0008615,0.0008615,0.0008615
48,83.1442,0.71966,0.77485,0.94556,0.94783,1,0.98548,0.70756,0.97061,0.91481,0.99004,0.00083675,0.00083675,0.00083675
49,85.2143,0.8401,0.76636,0.99531,0.94815,1,0.99024,0.72614,0.95521,0.89565,0.99075,0.000812,0.000812,0.000812
50,86.7401,0.84389,0.72655,0.99702,0.94801,1,0.99024,0.71352,1.02498,0.89051,1.03055,0.00078725,0.00078725,0.00078725
51,88.1478,0.67071,0.72944,0.96312,0.94799,1,0.99262,0.7066,1.04789,0.87099,1.03626,0.0007625,0.0007625,0.0007625
52,89.5899,0.86628,0.71352,0.99265,1,0.98246,0.995,0.72053,0.98425,0.81346,0.98782,0.00073775,0.00073775,0.00073775
53,90.9989,0.72888,0.68811,0.93385,1,0.99802,0.995,0.74712,0.97078,0.77353,0.97063,0.000713,0.000713,0.000713
54,92.4581,0.82396,0.75675,0.95723,0.99838,1,0.995,0.71167,1.06376,0.83383,0.96797,0.00068825,0.00068825,0.00068825
55,93.9627,0.74791,0.91385,0.93846,0.99255,1,0.995,0.70862,1.08635,0.84025,0.96893,0.0006635,0.0006635,0.0006635
56,95.6811,0.755,0.73073,0.95215,0.98495,1,0.995,0.74086,1.03041,0.81523,0.96824,0.00063875,0.00063875,0.00063875
57,97.9084,0.58929,0.99663,0.75082,0.9844,1,0.995,0.74832,1.01935,0.80908,0.97822,0.000614,0.000614,0.000614
58,99.516,0.73755,0.72751,0.96345,0.98522,1,0.995,0.74157,1.02954,0.81004,0.98691,0.00058925,0.00058925,0.00058925
59,101.067,0.73565,0.6619,0.95771,0.94692,1,0.99262,0.73587,1.04987,0.80258,0.98808,0.0005645,0.0005645,0.0005645
60,102.539,0.77774,0.64924,0.91409,0.94837,1,0.99262,0.70626,1.08147,0.81156,0.988,0.00053975,0.00053975,0.00053975
61,104.011,0.72736,0.63768,0.90116,0.94807,1,0.99262,0.69505,1.0959,0.8113,0.99075,0.000515,0.000515,0.000515
62,105.5,0.73097,0.6379,0.94039,0.94783,1,0.99262,0.72029,1.03434,0.7643,0.96639,0.00049025,0.00049025,0.00049025
63,106.982,0.6582,0.65353,0.92411,0.99734,1,0.995,0.73656,1.0105,0.76381,0.95516,0.0004655,0.0004655,0.0004655
64,108.662,0.76282,0.64369,0.93505,1,0.98153,0.995,0.74471,1.01051,0.79225,0.9542,0.00044075,0.00044075,0.00044075
65,110.869,0.7598,0.68746,0.93354,0.94861,1,0.99262,0.72283,1.03718,0.79517,0.95887,0.000416,0.000416,0.000416
66,112.523,0.72152,0.62755,0.92754,0.94914,1,0.99262,0.72038,1.06902,0.79116,0.97363,0.00039125,0.00039125,0.00039125
67,113.962,0.71021,0.74246,0.93871,0.94928,1,0.99262,0.71764,1.06469,0.8018,0.98302,0.0003665,0.0003665,0.0003665
68,115.394,0.65476,0.63572,0.92097,0.9492,1,0.99262,0.73518,1.05808,0.79634,0.99544,0.00034175,0.00034175,0.00034175
69,116.909,0.742,0.80534,0.90672,0.94905,1,0.99262,0.73378,1.05821,0.81714,0.99936,0.000317,0.000317,0.000317
70,118.37,0.62609,0.61471,0.89747,0.94879,1,0.99262,0.73157,1.03889,0.81612,0.99464,0.00029225,0.00029225,0.00029225
71,121.518,0.85734,0.96783,1.02726,0.94859,1,0.99262,0.7386,1.04236,0.81099,0.98553,0.0002675,0.0002675,0.0002675
72,123.832,0.94953,0.69058,1.00974,0.94907,1,0.99024,0.73964,1.02058,0.79535,0.9634,0.00024275,0.00024275,0.00024275
